﻿{
	"ForeColor" : "Χρώμα προσκηνίου",
	"PaletteToolTip" : "Αριστερό κλικ: χρώμα χρήσης\nΔεξί κλικ: αποθήκευση τρέχοντος χρώματος\nF1-F8: συντόμευση για χρώμα χρήσης",

	"BrushSize" : "Μέγεθος πινέλου",
	"InkFlow" : "Ροή μελάνης",
	"DabImage" : "Εικόνα επικάλυψης",
	"LoadDabImage" : "Φόρτωση",
	"BrushEditTitle" : "Επεξεργασία πινέλου",
	"BrushEditDescription" : "Ρυθμιζόμενες παράμετροι για τον τρέχον πινέλο:",
	"MinBrushSize" : "Ελάχιστο μέγεθος πινέλου",
	"MinInkFlow" : "Ελάχιστη ροή μελάνης",
	"Grain" : "Εφέ χαρτιού",
	"Shatter" : "Θρυμματισμός",
	"SizeJitter" : "Μέγεθος τρεμοπαίγματος",
	"AngleJitter" : "Γωνία τρεμοπαίγματος",
	"HueJitter" : "Απόχρωση τρεμοπαίγματος",
	"SaturationJitter" : "Κορεσμός τρεμοπαίγματος",
	"BrightnessJitter" : "Φωτεινότητα τρεμοπαίγματος",
	"OK" : "Εντάξει",
	"Cancel" : "Άκυρο",

	"FillTolerance" : "Ανοχή",
	"FillAntialias" : "Εξομάλυνση",

	"SelectFont" : "Επιλογή γραμματοσειράς",
	"AlignLeft" : "Στοίχιση αριστερά",
	"AlignCenter" : "Στοίχιση στο κέντρο",
	"AlignRight" : "Στοίχιση δεξιά",
	"CommitText" : "Ολοκλήρωση",

	"Layers" : "Στρώματα",
	"Layer" : "Στρώμα",
	"LayerMoveUp" : "Μετακίνηση στρώματος πάνω",
	"LayerMoveDown" : "Μετακίνηση στρώματος κάτω",
	"LayerProperties" : "Ιδιότητες στρώματος...",
	"LayerNew" : "Προσθήκη νέου στρώματος",
	"LayerDelete" : "Διαγραφή τρέχοντος στρώματος",
	"LayerMergeDown" : "Συγχώνευση κάτω",
	"LayerImportImage" : "Εισαγωγή εικόνας στρώματος...",
	"LayerExportImage" : "Εξαγωγή εικόνας στρώματος...",
	"LayerPropertiesTitle" : "Ιδιότητες στρώματος",
	"LayerName" : "Όνομα:",
	"LayerOpacity" : "Αδιαφάνεια:",
	"LayerBlendMode" : "Προοδ. εμφάν.:",
	"BlendMode_Normal" : "Κανονική - Απλή επικάλυψη επάνω",
	"BlendMode_Multiply" : "Πολλαπλασιασμός - Σκοτεινότερο από αυτό το στρώμα",
	"BlendMode_Screen" : "Οθόνη - Φωτεινότερο από αυτό το στρώμα",
	"BlendMode_Overlay" : "Επικάλυψη - Φωτίζει ή σκουραίνει την εικόνα από αυτό το στρώμα"
}