﻿{
	"File" : "_File",
	"Edit" : "_Edit",
	"Options" : "_Options",
	"NewFile" : "_New",
	"OpenFile" : "_Open...",
	"SaveFile" : "_Save",
	"SaveFileAs" : "Save _as...",
	"Resize" : "Resize...",
	"CropToSelection" : "Crop to Selection",
	"Undo" : "Undo",
	"Redo" : "Redo",
	"Cut" : "Cut",
	"Copy" : "Copy",
	"Paste" : "Paste",
	"Clear" : "Clear",
	"SelectAll" : "Select All",
	"Deselect" : "Deselect",
	"LoadStencilFromIntensity" : "Load Stencil from Intensity",
	"LoadStencilFromAlpha" : "Load Stencil from Alpha",
	"InvertStencil" : "Invert Stencil",
	"Zoom" : "Zoom:",
	"RotateView" : "Rotate:",
	"PressureScale" : "Pressure Scale:",
	"TipHardness" : "Tip Hardness:",
	"WorkAroundPenPositionIssue" : "Work Around Pen Position Issue",
	"EnableEraserTip" : "Enable the Eraser Tip of Pen",
	"About" : "About",
	"ShowLeftPanel" : "Show Left Panel",
	"EnableStencil" : "Turn On Stencil",
	"ToolBarHint" : "Drag a tool to the above express tool bar to custimze it."
}