﻿{
	"Pen" : "Pen",
	"LeakyPen" : "Leaky Pen",
	"Pencil" : "Digital Pencil",
	"Pencil2" : "2B Pencil",
	"DryMedia" : "Dry Media",
	"FeltPen" : "Felt Pen",
	"WritingBrush2" : "Saturated Writing Brush",
	"Airbrush" : "Digital Airbrush",
	"Airbrush2" : "Fine Spray Airbrush",
	"Graffiti" : "Graffiti",
	"BristleBrush" : "Bristle Brush",
	"WaterColor4" : "Kind Of Water Color",
	"Shape" : "Star",
	"Shape2" : "Grass",
	"Image" : "Image Hose",
	"HatchLight" : "Light Hatch Brush",
	"HatchDark" : "Dark Hatch Brush",
	"Clone" : "Clone Brush",
	"Eraser1" : "Soft Eraser",
	"Eraser2" : "Hard Eraser",
	"Smudge" : "Smudge",
	"AddWater" : "Just Add Water",
	"Blur" : "Blur",
	"Sharpen" : "Sharpen",
	"Burn" : "Burn",
	"Dodge" : "Dodge",
	"Move" : "Move",
	"Hand" : "Hand",
	"RectangleSelect" : "Rectangle Select",
	"Eyedropper" : "Eyedropper",
	"Text" : "Text",
	"Fill" : "Fill"
}