﻿{
	"ForeColor" : "Foreground Color",
	"PaletteToolTip" : "Left button click: use color\nRight button click: save current color\nF1-F8: shortcut to use color",

	"BrushSize" : "Brush Size",
	"InkFlow" : "Ink Flow",
	"DabImage" : "Dab Image",
	"LoadDabImage" : "Load",
	"BrushEditTitle" : "Brush Edit",
	"BrushEditDescription" : "Adjustable parameters for the current brush:",
	"MinBrushSize" : "Min Brush Size",
	"MinInkFlow" : "Min Ink Flow",
	"Grain" : "Paper Effect",
	"Shatter" : "Shatter",
	"SizeJitter" : "Size Jitter",
	"AngleJitter" : "Angle Jitter",
	"HueJitter" : "Hue Jitter",
	"SaturationJitter" : "Saturation Jitter",
	"BrightnessJitter" : "Brightness Jitter",
	"OK" : "OK",
	"Cancel" : "Cancel",

	"FillTolerance" : "Tolerance",
	"FillAntialias" : "Antialias",

	"SelectFont" : "Select Font",
	"AlignLeft" : "Align Left",
	"AlignCenter" : "Align Center",
	"AlignRight" : "Align Right",
	"CommitText" : "Commit",

	"Layers" : "Layers",
	"Layer" : "Layer",
	"LayerMoveUp" : "Move Layer Up",
	"LayerMoveDown" : "Move Layer Down",
	"LayerProperties" : "Layer Properties...",
	"LayerNew" : "Add New Layer",
	"LayerDelete" : "Delete Current Layer",
	"LayerMergeDown" : "Merge Down",
	"LayerImportImage" : "Import Layer Image...",
	"LayerExportImage" : "Export Layer Image...",
	"LayerPropertiesTitle" : "Layer Properties",
	"LayerName" : "Name:",
	"LayerOpacity" : "Opacity:",
	"LayerBlendMode" : "Blend Mode:",
	"BlendMode_Normal" : "Normal - Simply overlay above",
	"BlendMode_Multiply" : "Multiply - Darken by this layer",
	"BlendMode_Screen" : "Screen - Brighten by this layer",
	"BlendMode_Overlay" : "Overlay - Brighten or darken the image by this layer"
}