﻿{
	"ForeColor" : "前景色",
	"PaletteToolTip" : "左键单击: 使用颜色\n右键单击: 保存当前颜色\nF1-F8: 使用颜色的快捷键",
	
	"BrushSize" : "笔刷大小",
	"InkFlow" : "墨水流量",
	"DabImage" : "图章图案",
	"LoadDabImage" : "更改",
	"BrushEditTitle" : "编辑笔刷",
	"BrushEditDescription" : "当前笔刷的可调参数：",
	"MinBrushSize" : "最小笔刷大小",
	"MinInkFlow" : "最小墨水流量",
	"Grain" : "纸纹效果",
	"Shatter" : "位置抖动",
	"SizeJitter" : "大小抖动",
	"AngleJitter" : "角度抖动",
	"HueJitter" : "颜色抖动",
	"SaturationJitter" : "饱和度抖动",
	"BrightnessJitter" : "亮度抖动",
	"OK" : "确定",
	"Cancel" : "取消",

	"FillTolerance" : "颜色容差",
	"FillAntialias" : "抗锯齿",

	"SelectFont" : "选择字体",
	"AlignLeft" : "左对齐",
	"AlignCenter" : "居中",
	"AlignRight" : "右对齐",
	"CommitText" : "提交",


	"Layers" : "图层",
	"Layer" : "图层",
	"LayerMoveUp" : "上移",
	"LayerMoveDown" : "下移",
	"LayerProperties" : "属性...",
	"LayerNew" : "新建图层",
	"LayerDelete" : "删除当前图层",
	"LayerMergeDown" : "向下合并",
	"LayerImportImage" : "导入到图层...",
	"LayerExportImage" : "导出图层...",
	"LayerPropertiesTitle" : "图层属性",
	"LayerName" : "名称:",
	"LayerOpacity" : "不透明度:",
	"LayerBlendMode" : "混合模式:",
	"BlendMode_Normal" : "正常 - 普通层叠",
	"BlendMode_Multiply" : "乘法 - 依当前层加暗",
	"BlendMode_Screen" : "萤幕 - 依当前层加亮",
	"BlendMode_Overlay" : "叠加 - 依当前层加暗或加亮"
}