﻿{
	"File" : "文件(_F)",
	"Edit" : "编辑(_E)",
	"Options" : "选项(_O)",
	"NewFile" : "新建",
	"OpenFile" : "打开...",
	"SaveFile" : "保存",
	"SaveFileAs" : "另存为...",
	"Resize" : "更改画板尺寸...",
	"CropToSelection" : "剪裁到选区",
	"Undo" : "撤销",
	"Redo" : "重做",
	"Cut" : "剪切",
	"Copy" : "复制",
	"Paste" : "粘贴",
	"Clear" : "清空",
	"SelectAll" : "全选",
	"Deselect" : "弃选",
	"LoadStencilFromIntensity" : "加载当前亮度至蒙版",
	"LoadStencilFromAlpha" : "加载当前透明度至蒙版",
	"InvertStencil" : "反转蒙版",
	"Zoom" : "放缩:",
	"RotateView" : "旋转:",
	"PressureScale" : "压感强度:",
	"TipHardness" : "笔尖硬度:",
	"WorkAroundPenPositionIssue" : "使用鼠标位置来绕过笔尖位置错误",
	"EnableEraserTip" : "开启笔尾橡皮自动切换",
	"About" : "关于",
	"ShowLeftPanel" : "显示左侧面板",
	"EnableStencil" : "开启蒙版",
	"ToolBarHint" : "拖动工具至此上快捷工具条以进行定制"
}