﻿{
	"Pen" : "钢笔",
	"LeakyPen" : "漏水笔",
	"Pencil" : "数字铅笔",
	"Pencil2" : "2B铅笔",
	"DryMedia" : "炭笔蜡笔",
	"FeltPen" : "毡尖笔",
	"WritingBrush2" : "饱和毛笔",
	"Airbrush" : "数字喷枪",
	"Airbrush2" : "细雾喷枪",
	"Graffiti" : "涂鸦",
	"BristleBrush" : "鬃刷",
	"WaterColor4" : "类似水彩",
	"Shape" : "星星",
	"Shape2" : "草",
	"Image" : "图像水龙头",
	"Clone" : "克隆画笔",
	"Eraser1" : "软橡皮",
	"Eraser2" : "硬橡皮",
	"Smudge" : "涂抹",
	"AddWater" : "加水模糊",
	"Blur" : "模糊",
	"Sharpen" : "锐化",
	"Burn" : "变暗",
	"Dodge" : "加亮",
	"Move" : "移动",
	"Hand" : "拖拽画板",
	"RectangleSelect" : "矩形选取",
	"Eyedropper" : "滴管",
	"Text" : "文本",
	"Fill" : "填充"
}